[
  {
    "id": "f7fdab06-8671-4cdc-8509-81857d247116",
    "data": [
      {
        "text": "bye!",
        "userDefined": false
      }
    ],
    "isTemplate": false,
    "count": 0,
    "lang": "es",
    "updated": 0
  },
  {
    "id": "1aa0838e-3e6f-4703-b86c-b381266b1fcc",
    "data": [
      {
        "text": "adios",
        "userDefined": false
      }
    ],
    "isTemplate": false,
    "count": 0,
    "lang": "es",
    "updated": 0
  },
  {
    "id": "0c3c7229-ab08-4d93-8bee-bd1fa5697d6f",
    "data": [
      {
        "text": "bye! bye!",
        "userDefined": false
      }
    ],
    "isTemplate": false,
    "count": 0,
    "lang": "es",
    "updated": 0
  }
]