[
  {
    "id": "ba31ccc0-9413-42f5-9d27-9a3c009fd70b",
    "data": [
      {
        "text": "El Verbo",
        "userDefined": false
      }
    ],
    "isTemplate": false,
    "count": 3,
    "lang": "es",
    "updated": 0
  },
  {
    "data": [
      {
        "text": "donde se ",
        "userDefined": false
      },
      {
        "text": "usa",
        "userDefined": false
      },
      {
        "text": " el verbo",
        "userDefined": false
      }
    ],
    "isTemplate": false,
    "count": 0,
    "lang": "es",
    "updated": 0
  },
  {
    "data": [
      {
        "text": "y donde debo usar el verbo",
        "userDefined": false
      }
    ],
    "isTemplate": false,
    "count": 3,
    "lang": "es",
    "updated": 0
  },
  {
    "data": [
      {
        "text": "me gustaria aprender sobre los verbos",
        "userDefined": false
      }
    ],
    "isTemplate": false,
    "count": 7,
    "lang": "es",
    "updated": 0
  },
  {
    "data": [
      {
        "text": "me gustaria aprender sobre los vernos",
        "userDefined": false
      }
    ],
    "isTemplate": false,
    "count": 6,
    "lang": "es",
    "updated": 0
  },
  {
    "data": [
      {
        "text": "hablame del verbo",
        "userDefined": false
      }
    ],
    "isTemplate": false,
    "count": 0,
    "lang": "es",
    "updated": 0
  }
]