[
  {
    "id": "d1c063ed-9bad-4895-8bf8-65e3a15f2e3e",
    "data": [
      {
        "text": "La Anécdota",
        "userDefined": false
      }
    ],
    "isTemplate": false,
    "count": 6,
    "lang": "es",
    "updated": 0
  },
  {
    "data": [
      {
        "text": "me gustaria empezar con la anécdota",
        "userDefined": false
      }
    ],
    "isTemplate": false,
    "count": 11,
    "lang": "es",
    "updated": 0
  },
  {
    "data": [
      {
        "text": "empecemos con la anecdota",
        "userDefined": false
      }
    ],
    "isTemplate": false,
    "count": 1,
    "lang": "es",
    "updated": 0
  }
]