[
  {
    "id": "0ac111c2-f9ad-4a9b-8982-050d28c00521",
    "data": [
      {
        "text": "tiempos del verbo",
        "meta": "@Ent-tema",
        "alias": "ent-tema",
        "userDefined": false
      }
    ],
    "isTemplate": false,
    "count": 0,
    "lang": "es",
    "updated": 0
  },
  {
    "id": "28acafdd-d854-4dbe-9c73-8d4318768472",
    "data": [
      {
        "text": "Cuáles son los ",
        "userDefined": false
      },
      {
        "text": "tiempos del verbo",
        "meta": "@Ent-tema",
        "alias": "ent-tema",
        "userDefined": false
      }
    ],
    "isTemplate": false,
    "count": 0,
    "lang": "es",
    "updated": 0
  },
  {
    "data": [
      {
        "text": "algo de los ",
        "userDefined": false
      },
      {
        "text": "tiempos verbales",
        "meta": "@Ent-tema",
        "alias": "ent-tema",
        "userDefined": false
      }
    ],
    "isTemplate": false,
    "count": 2,
    "lang": "es",
    "updated": 0
  },
  {
    "data": [
      {
        "text": "no, quiero saber sobre los teimpos ",
        "userDefined": false
      },
      {
        "text": "verbales",
        "meta": "@Ent-tema",
        "alias": "ent-tema",
        "userDefined": false
      }
    ],
    "isTemplate": false,
    "count": 5,
    "lang": "es",
    "updated": 0
  },
  {
    "data": [
      {
        "text": "algo de los ",
        "userDefined": false
      },
      {
        "text": "tiempos",
        "meta": "@Ent-tema",
        "alias": "ent-tema",
        "userDefined": false
      },
      {
        "text": " verbales",
        "userDefined": false
      }
    ],
    "isTemplate": false,
    "count": 3,
    "lang": "es",
    "updated": 0
  }
]