[
  {
    "id": "956ab6f4-e9d0-4f6c-8a14-be040d0cf9d3",
    "data": [
      {
        "text": "palabras esdrújulas",
        "meta": "@Ent-tema",
        "alias": "ent-tema",
        "userDefined": false
      }
    ],
    "isTemplate": false,
    "count": 0,
    "lang": "es",
    "updated": 0
  },
  {
    "id": "53355e4e-7ebc-48dc-b08f-62053d1266cd",
    "data": [
      {
        "text": "Cómo se ",
        "userDefined": false
      },
      {
        "text": "tildan",
        "userDefined": false
      },
      {
        "text": " las ",
        "userDefined": false
      },
      {
        "text": "palabras esdrújulas",
        "meta": "@Ent-tema",
        "alias": "ent-tema",
        "userDefined": false
      }
    ],
    "isTemplate": false,
    "count": 0,
    "lang": "es",
    "updated": 0
  },
  {
    "id": "43f0caa3-566d-4011-b3d5-b6bf4abb14e8",
    "data": [
      {
        "text": "Cuáles son las ",
        "userDefined": false
      },
      {
        "text": "palabras esdrújulas",
        "meta": "@Ent-tema",
        "alias": "ent-tema",
        "userDefined": false
      }
    ],
    "isTemplate": false,
    "count": 0,
    "lang": "es",
    "updated": 0
  },
  {
    "data": [
      {
        "text": "cuales son las ",
        "userDefined": false
      },
      {
        "text": "palabras esdrújulas",
        "meta": "@Ent-tema",
        "alias": "ent-tema",
        "userDefined": false
      }
    ],
    "isTemplate": false,
    "count": 8,
    "lang": "es",
    "updated": 0
  },
  {
    "data": [
      {
        "text": "las ",
        "userDefined": false
      },
      {
        "text": "palabras esdrujulas",
        "meta": "@Ent-tema",
        "alias": "ent-tema",
        "userDefined": false
      }
    ],
    "isTemplate": false,
    "count": 7,
    "lang": "es",
    "updated": 0
  }
]