[
  {
    "id": "1c2b0e3a-9018-44ec-9be8-1cd072594920",
    "data": [
      {
        "text": "Qué es el campo semántico",
        "userDefined": false
      }
    ],
    "isTemplate": false,
    "count": 0,
    "lang": "es",
    "updated": 0
  },
  {
    "id": "c205f91b-e237-438d-9e00-668b51adae62",
    "data": [
      {
        "text": "q ",
        "userDefined": false
      },
      {
        "text": "es",
        "userDefined": false
      }
    ],
    "isTemplate": false,
    "count": 0,
    "lang": "es",
    "updated": 0
  },
  {
    "id": "94d79bbc-739a-45ce-bafe-ee37ca5bf78d",
    "data": [
      {
        "text": "Que ",
        "userDefined": false
      },
      {
        "text": "es",
        "userDefined": false
      }
    ],
    "isTemplate": false,
    "count": 1,
    "lang": "es",
    "updated": 0
  },
  {
    "data": [
      {
        "text": "que ",
        "userDefined": false
      },
      {
        "text": "es",
        "userDefined": false
      }
    ],
    "isTemplate": false,
    "count": 0,
    "lang": "es",
    "updated": 0
  }
]