[
  {
    "id": "3332ce7b-da44-4acb-8bd6-bdd19b0b8aaa",
    "data": [
      {
        "text": "Cómo se ",
        "userDefined": false
      },
      {
        "text": "usa",
        "userDefined": false
      }
    ],
    "isTemplate": false,
    "count": 0,
    "lang": "es",
    "updated": 0
  },
  {
    "id": "7adf0ed5-3483-4001-915f-044294a56962",
    "data": [
      {
        "text": "¿Qué beneficio tiene?",
        "userDefined": false
      }
    ],
    "isTemplate": false,
    "count": 0,
    "lang": "es",
    "updated": 0
  },
  {
    "id": "9530912b-e762-421f-b658-8356347232ef",
    "data": [
      {
        "text": "¿Qué beneficio tiene usar la tilde?",
        "userDefined": false
      }
    ],
    "isTemplate": false,
    "count": 0,
    "lang": "es",
    "updated": 0
  },
  {
    "id": "660cc73c-b130-4036-97e5-e028a231c20f",
    "data": [
      {
        "text": "¿Para qué sirve?",
        "userDefined": false
      }
    ],
    "isTemplate": false,
    "count": 0,
    "lang": "es",
    "updated": 0
  },
  {
    "id": "b9c61d62-859d-4329-b2b1-048b4f54fe0d",
    "data": [
      {
        "text": "como se ",
        "userDefined": false
      },
      {
        "text": "usa",
        "meta": "@sys.location",
        "alias": "location",
        "userDefined": false
      }
    ],
    "isTemplate": false,
    "count": 0,
    "lang": "es",
    "updated": 0
  },
  {
    "data": [
      {
        "text": "cuando debo aplicar la tilde?",
        "userDefined": false
      }
    ],
    "isTemplate": false,
    "count": 0,
    "lang": "es",
    "updated": 0
  },
  {
    "data": [
      {
        "text": "Cuando se utiliza el acento.?",
        "userDefined": false
      }
    ],
    "isTemplate": false,
    "count": 1,
    "lang": "es",
    "updated": 0
  },
  {
    "data": [
      {
        "text": "como se usan las tildes",
        "userDefined": false
      }
    ],
    "isTemplate": false,
    "count": 0,
    "lang": "es",
    "updated": 0
  }
]