[
  {
    "id": "0832b018-a35f-4eed-86e3-5f496de3c2a0",
    "data": [
      {
        "text": "q ",
        "userDefined": false
      },
      {
        "text": "es",
        "userDefined": false
      }
    ],
    "isTemplate": false,
    "count": 0,
    "lang": "es",
    "updated": 0
  },
  {
    "id": "03c8946a-b5f8-4a8e-a702-991a4b8bf263",
    "data": [
      {
        "text": "qué ",
        "userDefined": false
      },
      {
        "text": "es",
        "userDefined": false
      }
    ],
    "isTemplate": false,
    "count": 0,
    "lang": "es",
    "updated": 0
  },
  {
    "id": "baeafdff-31f8-4c6d-86ee-0c010a2dfa57",
    "data": [
      {
        "text": "Qué es el verbo",
        "userDefined": false
      }
    ],
    "isTemplate": false,
    "count": 0,
    "lang": "es",
    "updated": 0
  },
  {
    "data": [
      {
        "text": "que ",
        "userDefined": false
      },
      {
        "text": "es",
        "userDefined": false
      }
    ],
    "isTemplate": false,
    "count": 1,
    "lang": "es",
    "updated": 0
  },
  {
    "data": [
      {
        "text": "que ",
        "userDefined": false
      },
      {
        "text": "es",
        "userDefined": false
      },
      {
        "text": " el verbo",
        "userDefined": false
      }
    ],
    "isTemplate": false,
    "count": 0,
    "lang": "es",
    "updated": 0
  },
  {
    "data": [
      {
        "text": "que ",
        "userDefined": false
      },
      {
        "text": "es",
        "meta": "@sys.language",
        "alias": "language",
        "userDefined": false
      },
      {
        "text": " el verbo",
        "userDefined": false
      }
    ],
    "isTemplate": false,
    "count": 3,
    "lang": "es",
    "updated": 0
  }
]