[
  {
    "id": "ea2be3e4-3b63-4b3f-95de-98c1dc45d3f3",
    "data": [
      {
        "text": "Cuál ",
        "userDefined": false
      },
      {
        "text": "es",
        "userDefined": false
      },
      {
        "text": " ",
        "userDefined": false
      },
      {
        "text": "la",
        "userDefined": false
      },
      {
        "text": " ",
        "userDefined": false
      },
      {
        "text": "sílaba tónica",
        "meta": "@Ent-tema",
        "alias": "Ent-tema",
        "userDefined": false
      }
    ],
    "isTemplate": false,
    "count": 0,
    "lang": "es",
    "updated": 0
  },
  {
    "id": "1a54f1ac-d342-45b3-8304-68f734a88863",
    "data": [
      {
        "text": "Qué es la ",
        "userDefined": false
      },
      {
        "text": "sílaba tónica",
        "meta": "@Ent-tema",
        "alias": "Ent-tema",
        "userDefined": true
      }
    ],
    "isTemplate": false,
    "count": 0,
    "lang": "es",
    "updated": 0
  }
]