[
  {
    "id": "34dc58d4-64d9-49ee-9f57-c732319b6dfe",
    "data": [
      {
        "text": "qué es la ",
        "userDefined": false
      },
      {
        "text": "anécdota",
        "meta": "@Ent-tema",
        "alias": "Ent-tema",
        "userDefined": true
      }
    ],
    "isTemplate": false,
    "count": 0,
    "lang": "es",
    "updated": 0
  },
  {
    "id": "fb3ff00a-6267-476f-92e6-57ad172adc46",
    "data": [
      {
        "text": "qué ",
        "userDefined": false
      },
      {
        "text": "es",
        "userDefined": false
      }
    ],
    "isTemplate": false,
    "count": 0,
    "lang": "es",
    "updated": 0
  },
  {
    "id": "59abdec8-ac05-4a03-904c-84395a5e5d1d",
    "data": [
      {
        "text": "q es",
        "userDefined": false
      }
    ],
    "isTemplate": false,
    "count": 0,
    "lang": "es",
    "updated": 0
  },
  {
    "data": [
      {
        "text": "que ",
        "userDefined": false
      },
      {
        "text": "es",
        "meta": "@sys.language",
        "alias": "language",
        "userDefined": false
      }
    ],
    "isTemplate": false,
    "count": 0,
    "lang": "es",
    "updated": 0
  },
  {
    "data": [
      {
        "text": "que ",
        "userDefined": false
      },
      {
        "text": "es",
        "userDefined": false
      }
    ],
    "isTemplate": false,
    "count": 1,
    "lang": "es",
    "updated": 0
  }
]