[
  {
    "id": "c248782d-2f1d-46ee-9228-519bfacb8ee7",
    "data": [
      {
        "text": "ejemplo ",
        "userDefined": false
      },
      {
        "text": "verbos regulares",
        "userDefined": false
      }
    ],
    "isTemplate": false,
    "count": 0,
    "lang": "es",
    "updated": 0
  },
  {
    "id": "807e09bc-d769-4cf9-a25b-0998ef9065d4",
    "data": [
      {
        "text": "Qué es un ",
        "userDefined": false
      },
      {
        "text": "verbo Regular",
        "userDefined": true
      }
    ],
    "isTemplate": false,
    "count": 0,
    "lang": "es",
    "updated": 0
  },
  {
    "id": "ca6189cb-3aa6-4b2c-938b-0f75c06fd64d",
    "data": [
      {
        "text": "cuales son los ",
        "userDefined": false
      },
      {
        "text": "verbos regulares",
        "meta": "@Ent-tema",
        "alias": "ent-tema",
        "userDefined": false
      }
    ],
    "isTemplate": false,
    "count": 19,
    "lang": "es",
    "updated": 0
  },
  {
    "id": "d362874b-77b1-4ef2-b44e-abd2eacef3fb",
    "data": [
      {
        "text": "que ",
        "userDefined": false
      },
      {
        "text": "es",
        "userDefined": false
      },
      {
        "text": " ",
        "userDefined": false
      },
      {
        "text": "un",
        "userDefined": false
      },
      {
        "text": " ",
        "userDefined": false
      },
      {
        "text": "verbo regular",
        "meta": "@Ent-tema",
        "alias": "ent-tema",
        "userDefined": false
      }
    ],
    "isTemplate": false,
    "count": 4,
    "lang": "es",
    "updated": 0
  },
  {
    "id": "eebbc581-2f2b-4a60-b554-dcaafd9e77fb",
    "data": [
      {
        "text": "cuales son los ",
        "userDefined": false
      },
      {
        "text": "verbos regulares",
        "meta": "@Ent-tema",
        "alias": "ent-tema",
        "userDefined": false
      },
      {
        "text": "}",
        "userDefined": false
      }
    ],
    "isTemplate": false,
    "count": 3,
    "lang": "es",
    "updated": 0
  },
  {
    "id": "0187804b-96b0-4ce3-b931-bc027a586a02",
    "data": [
      {
        "text": "quiero ",
        "userDefined": false
      },
      {
        "text": "un",
        "userDefined": false
      },
      {
        "text": " ",
        "userDefined": false
      },
      {
        "text": "verbo regular",
        "meta": "@Ent-tema",
        "alias": "ent-tema",
        "userDefined": false
      }
    ],
    "isTemplate": false,
    "count": 0,
    "lang": "es",
    "updated": 0
  },
  {
    "id": "8a910335-1d8d-4f99-9aa9-1356d64a5e15",
    "data": [
      {
        "text": "dame ",
        "userDefined": false
      },
      {
        "text": "un",
        "userDefined": false
      },
      {
        "text": " ",
        "userDefined": false
      },
      {
        "text": "verbo regular",
        "meta": "@Ent-tema",
        "alias": "ent-tema",
        "userDefined": false
      }
    ],
    "isTemplate": false,
    "count": 1,
    "lang": "es",
    "updated": 0
  },
  {
    "id": "1531ebae-89a1-4a79-8251-59081ac41f41",
    "data": [
      {
        "text": "quiero ",
        "userDefined": false
      },
      {
        "text": "un",
        "userDefined": false
      },
      {
        "text": " ejemplo de ",
        "userDefined": false
      },
      {
        "text": "verbo regular",
        "meta": "@Ent-tema",
        "alias": "ent-tema",
        "userDefined": false
      }
    ],
    "isTemplate": false,
    "count": 0,
    "lang": "es",
    "updated": 0
  },
  {
    "id": "cab6334f-b423-4a52-bcc4-36b3fa70f80b",
    "data": [
      {
        "text": "ejemplo de ",
        "userDefined": false
      },
      {
        "text": "verbo regular",
        "meta": "@Ent-tema",
        "alias": "ent-tema",
        "userDefined": false
      }
    ],
    "isTemplate": false,
    "count": 1,
    "lang": "es",
    "updated": 0
  },
  {
    "id": "2130f1e5-681f-4999-a4bf-f79a8c4a0caf",
    "data": [
      {
        "text": "cuales on los ",
        "userDefined": false
      },
      {
        "text": "verbos regulares",
        "meta": "@Ent-tema",
        "alias": "ent-tema",
        "userDefined": false
      }
    ],
    "isTemplate": false,
    "count": 0,
    "lang": "es",
    "updated": 0
  }
]