[
  {
    "id": "b30f9719-58b3-4b7c-bf4d-cbfe1591c6b1",
    "data": [
      {
        "text": "tilde en",
        "meta": "@Ent-tema",
        "alias": "ent-tema",
        "userDefined": false
      },
      {
        "text": " palabras ",
        "userDefined": false
      },
      {
        "text": "mayúsculas",
        "meta": "@Ent-tema",
        "alias": "ent-tema",
        "userDefined": false
      }
    ],
    "isTemplate": false,
    "count": 0,
    "lang": "es",
    "updated": 0
  },
  {
    "id": "eb86528a-2907-438e-8c0a-13370bcfc98a",
    "data": [
      {
        "text": "Las palabras ",
        "userDefined": false
      },
      {
        "text": "Mayúsculas deben tildarse",
        "meta": "@Ent-tema",
        "alias": "ent-tema",
        "userDefined": false
      }
    ],
    "isTemplate": false,
    "count": 0,
    "lang": "es",
    "updated": 0
  },
  {
    "data": [
      {
        "text": "las ",
        "userDefined": false
      },
      {
        "text": "mayúsculas",
        "meta": "@Ent-tema",
        "alias": "ent-tema",
        "userDefined": false
      },
      {
        "text": "\n llevan ",
        "userDefined": false
      },
      {
        "text": "tilde",
        "userDefined": false
      },
      {
        "text": "?",
        "userDefined": false
      }
    ],
    "isTemplate": false,
    "count": 0,
    "lang": "es",
    "updated": 0
  }
]