[
  {
    "id": "9b837efc-8aa5-46f9-a9d1-96e633a30475",
    "data": [
      {
        "text": "como son ",
        "userDefined": false
      },
      {
        "text": "los verbos",
        "userDefined": false
      },
      {
        "text": " ",
        "userDefined": false
      },
      {
        "text": "infinitivo",
        "meta": "@Ent-tema",
        "alias": "ent-tema",
        "userDefined": false
      }
    ],
    "isTemplate": false,
    "count": 0,
    "lang": "es",
    "updated": 0
  },
  {
    "id": "6dc87495-3800-4a9b-aec1-559fb75079c4",
    "data": [
      {
        "text": "cuales son los ",
        "userDefined": false
      },
      {
        "text": "verbos en infinitivo",
        "meta": "@Ent-tema",
        "alias": "ent-tema",
        "userDefined": false
      }
    ],
    "isTemplate": false,
    "count": 0,
    "lang": "es",
    "updated": 0
  },
  {
    "data": [
      {
        "text": "y ",
        "userDefined": false
      },
      {
        "text": "de los verbos",
        "meta": "@Ent-tema",
        "alias": "ent-tema",
        "userDefined": false
      },
      {
        "text": " en infinitivo que me puedes decir",
        "userDefined": false
      }
    ],
    "isTemplate": false,
    "count": 1,
    "lang": "es",
    "updated": 0
  },
  {
    "data": [
      {
        "text": "y de los verbos en infinitivo que me puedes decir",
        "userDefined": false
      }
    ],
    "isTemplate": false,
    "count": 0,
    "lang": "es",
    "updated": 0
  },
  {
    "data": [
      {
        "text": "de los verbos",
        "meta": "@Ent-tema",
        "alias": "ent-tema",
        "userDefined": false
      },
      {
        "text": " en infinitivo que me puedes decir",
        "userDefined": false
      }
    ],
    "isTemplate": false,
    "count": 1,
    "lang": "es",
    "updated": 0
  },
  {
    "data": [
      {
        "text": "de los verbo",
        "meta": "@Ent-tema",
        "alias": "ent-tema",
        "userDefined": false
      },
      {
        "text": " en infinitivo que me puedes decir",
        "userDefined": false
      }
    ],
    "isTemplate": false,
    "count": 1,
    "lang": "es",
    "updated": 0
  }
]