[
  {
    "id": "2f3362fe-94b6-4611-9f27-ec251f0078a3",
    "data": [
      {
        "text": "Conjugación",
        "userDefined": false
      }
    ],
    "isTemplate": false,
    "count": 0,
    "lang": "es",
    "updated": 0
  },
  {
    "id": "595c7eae-0f5e-4d6b-bd95-98f4083ad0a9",
    "data": [
      {
        "text": "Conjugación del verbo",
        "meta": "@Ent-tema",
        "alias": "Ent-tema",
        "userDefined": true
      }
    ],
    "isTemplate": false,
    "count": 0,
    "lang": "es",
    "updated": 0
  },
  {
    "data": [
      {
        "text": "que son las ",
        "userDefined": false
      },
      {
        "text": "conjugaciones del verbo",
        "meta": "@Ent-tema",
        "alias": "ent-tema",
        "userDefined": false
      }
    ],
    "isTemplate": false,
    "count": 1,
    "lang": "es",
    "updated": 0
  },
  {
    "data": [
      {
        "text": "verbos",
        "userDefined": false
      },
      {
        "text": " terminados ",
        "userDefined": false
      },
      {
        "text": "en",
        "userDefined": false
      },
      {
        "text": " ar",
        "userDefined": false
      }
    ],
    "isTemplate": false,
    "count": 0,
    "lang": "es",
    "updated": 0
  }
]