[
  {
    "id": "ac45d82d-7c3c-4b95-87ff-5d35effe15f8",
    "data": [
      {
        "text": "ejemplos de ",
        "userDefined": false
      },
      {
        "text": "verbos irregulares",
        "meta": "@Ent-tema",
        "alias": "ent-tema",
        "userDefined": false
      }
    ],
    "isTemplate": false,
    "count": 0,
    "lang": "es",
    "updated": 0
  },
  {
    "id": "8733bc0a-8e59-47b1-bcf5-57508742edb4",
    "data": [
      {
        "text": "Cuáles son los ",
        "userDefined": false
      },
      {
        "text": "verbos irregulares",
        "meta": "@Ent-tema",
        "alias": "ent-tema",
        "userDefined": false
      }
    ],
    "isTemplate": false,
    "count": 0,
    "lang": "es",
    "updated": 0
  },
  {
    "id": "cd851a21-af4c-49aa-9ac2-9512bb61baa8",
    "data": [
      {
        "text": "Qué son los ",
        "userDefined": false
      },
      {
        "text": "verbos irregulares",
        "meta": "@Ent-tema",
        "alias": "ent-tema",
        "userDefined": false
      }
    ],
    "isTemplate": false,
    "count": 0,
    "lang": "es",
    "updated": 0
  },
  {
    "id": "56054b23-d4d4-4856-8c0b-f077d9fa2cf6",
    "data": [
      {
        "text": "y los ",
        "userDefined": false
      },
      {
        "text": "verbos irregulares",
        "meta": "@Ent-tema",
        "alias": "ent-tema",
        "userDefined": false
      },
      {
        "text": "?",
        "userDefined": false
      }
    ],
    "isTemplate": false,
    "count": 8,
    "lang": "es",
    "updated": 0
  },
  {
    "data": [
      {
        "text": "los ",
        "userDefined": false
      },
      {
        "text": "verbos irregulares",
        "meta": "@Ent-tema",
        "alias": "ent-tema",
        "userDefined": false
      }
    ],
    "isTemplate": false,
    "count": 0,
    "lang": "es",
    "updated": 0
  },
  {
    "data": [
      {
        "text": "cuales son los ",
        "userDefined": false
      },
      {
        "text": "verbos irregulares",
        "meta": "@Ent-tema",
        "alias": "ent-tema",
        "userDefined": false
      }
    ],
    "isTemplate": false,
    "count": 6,
    "lang": "es",
    "updated": 0
  },
  {
    "data": [
      {
        "text": "que ",
        "userDefined": false
      },
      {
        "text": "es",
        "userDefined": false
      },
      {
        "text": " ",
        "userDefined": false
      },
      {
        "text": "un",
        "userDefined": false
      },
      {
        "text": " ",
        "userDefined": false
      },
      {
        "text": "verbo irregular",
        "meta": "@Ent-tema",
        "alias": "ent-tema",
        "userDefined": false
      }
    ],
    "isTemplate": false,
    "count": 1,
    "lang": "es",
    "updated": 0
  },
  {
    "data": [
      {
        "text": "que ",
        "userDefined": false
      },
      {
        "text": "es",
        "meta": "@sys.language",
        "alias": "language",
        "userDefined": false
      },
      {
        "text": " ",
        "userDefined": false
      },
      {
        "text": "un",
        "meta": "@sys.number",
        "alias": "number",
        "userDefined": false
      },
      {
        "text": " ",
        "userDefined": false
      },
      {
        "text": "verbo irregular",
        "meta": "@Ent-tema",
        "alias": "ent-tema",
        "userDefined": false
      }
    ],
    "isTemplate": false,
    "count": 8,
    "lang": "es",
    "updated": 0
  },
  {
    "data": [
      {
        "text": "y los ",
        "userDefined": false
      },
      {
        "text": "verbos irregulares",
        "meta": "@Ent-tema",
        "alias": "ent-tema",
        "userDefined": false
      }
    ],
    "isTemplate": false,
    "count": 2,
    "lang": "es",
    "updated": 0
  }
]