[
  {
    "id": "6eef9f5c-4469-4273-b24e-0b7576d589ef",
    "data": [
      {
        "text": "Que ",
        "userDefined": false
      },
      {
        "text": "es",
        "userDefined": false
      },
      {
        "text": " ",
        "userDefined": false
      },
      {
        "text": "la",
        "userDefined": false
      },
      {
        "text": " ",
        "userDefined": false
      },
      {
        "text": "Tilde",
        "meta": "@Ent-tema",
        "alias": "Ent-tema",
        "userDefined": true
      }
    ],
    "isTemplate": false,
    "count": 0,
    "lang": "es",
    "updated": 0
  },
  {
    "id": "a277f1ec-987a-41d1-a651-c8044a7f4d6e",
    "data": [
      {
        "text": "que ",
        "userDefined": false
      },
      {
        "text": "es",
        "userDefined": false
      }
    ],
    "isTemplate": false,
    "count": 1,
    "lang": "es",
    "updated": 0
  },
  {
    "data": [
      {
        "text": "que ",
        "userDefined": false
      },
      {
        "text": "es",
        "meta": "@sys.location",
        "alias": "location",
        "userDefined": false
      }
    ],
    "isTemplate": false,
    "count": 2,
    "lang": "es",
    "updated": 0
  },
  {
    "data": [
      {
        "text": "que ",
        "userDefined": false
      },
      {
        "text": "es",
        "meta": "@sys.language",
        "alias": "language",
        "userDefined": false
      }
    ],
    "isTemplate": false,
    "count": 3,
    "lang": "es",
    "updated": 0
  },
  {
    "data": [
      {
        "text": "q ",
        "userDefined": false
      },
      {
        "text": "es",
        "userDefined": false
      }
    ],
    "isTemplate": false,
    "count": 1,
    "lang": "es",
    "updated": 0
  },
  {
    "data": [
      {
        "text": "q ",
        "userDefined": false
      },
      {
        "text": "es",
        "meta": "@sys.language",
        "alias": "language",
        "userDefined": false
      }
    ],
    "isTemplate": false,
    "count": 18,
    "lang": "es",
    "updated": 0
  }
]