[
  {
    "id": "0b70bfe6-2e17-4e5b-a47f-b92b8ddba9cd",
    "data": [
      {
        "text": "Forma de ",
        "userDefined": false
      },
      {
        "text": "un",
        "meta": "@sys.number",
        "alias": "number",
        "userDefined": false
      },
      {
        "text": " verbo",
        "userDefined": false
      }
    ],
    "isTemplate": false,
    "count": 0,
    "lang": "es",
    "updated": 0
  },
  {
    "id": "9d92eda3-ba10-4782-ac1a-99de2a45b84e",
    "data": [
      {
        "text": "Forma del Verbo",
        "userDefined": false
      }
    ],
    "isTemplate": false,
    "count": 0,
    "lang": "es",
    "updated": 0
  }
]