[
  {
    "id": "52bf60ba-7632-45d4-9709-a9691645fb70",
    "data": [
      {
        "text": "algún ejemplo de tilde diacrítica",
        "userDefined": false
      }
    ],
    "isTemplate": false,
    "count": 0,
    "lang": "es",
    "updated": 0
  },
  {
    "id": "56bba2b5-08ca-4481-a928-2dde915cfd84",
    "data": [
      {
        "text": "Tienes ejemplos de tilde diacrítica",
        "userDefined": false
      }
    ],
    "isTemplate": false,
    "count": 0,
    "lang": "es",
    "updated": 0
  },
  {
    "id": "00d3b3ae-2e52-4bb7-ad52-03e02f50ed3f",
    "data": [
      {
        "text": "ejemplos",
        "userDefined": false
      }
    ],
    "isTemplate": false,
    "count": 0,
    "lang": "es",
    "updated": 0
  },
  {
    "data": [
      {
        "text": "ejemplo de palabras con tilde diacrítica",
        "userDefined": false
      }
    ],
    "isTemplate": false,
    "count": 3,
    "lang": "es",
    "updated": 0
  }
]