[
  {
    "id": "def3676e-db49-4841-b56c-71e30c357c53",
    "data": [
      {
        "text": "¿Qué son las ",
        "userDefined": false
      },
      {
        "text": "palabras homófonas",
        "meta": "@Ent-tilde",
        "alias": "Ent-tilde",
        "userDefined": true
      },
      {
        "text": "?",
        "userDefined": false
      }
    ],
    "isTemplate": false,
    "count": 0,
    "lang": "es",
    "updated": 0
  },
  {
    "id": "13525891-1890-401f-a11f-659cd5fe18dd",
    "data": [
      {
        "text": "Palabras homófonas",
        "meta": "@Ent-tilde",
        "alias": "Ent-tilde",
        "userDefined": true
      }
    ],
    "isTemplate": false,
    "count": 0,
    "lang": "es",
    "updated": 0
  },
  {
    "data": [
      {
        "text": "cuales son las ",
        "userDefined": false
      },
      {
        "text": "palabras homófonas",
        "userDefined": false
      }
    ],
    "isTemplate": false,
    "count": 1,
    "lang": "es",
    "updated": 0
  },
  {
    "data": [
      {
        "text": "cuales son las ",
        "userDefined": false
      },
      {
        "text": "palabras homofonas",
        "meta": "@Ent-tilde",
        "alias": "Ent-tilde",
        "userDefined": false
      }
    ],
    "isTemplate": false,
    "count": 1,
    "lang": "es",
    "updated": 0
  },
  {
    "data": [
      {
        "text": "que son las ",
        "userDefined": false
      },
      {
        "text": "palabras homofonas",
        "meta": "@Ent-tilde",
        "alias": "ent-tilde",
        "userDefined": false
      }
    ],
    "isTemplate": false,
    "count": 6,
    "lang": "es",
    "updated": 0
  },
  {
    "data": [
      {
        "text": "cuales son las ",
        "userDefined": false
      },
      {
        "text": "palabras homofonas",
        "meta": "@Ent-tilde",
        "alias": "ent-tilde",
        "userDefined": false
      }
    ],
    "isTemplate": false,
    "count": 5,
    "lang": "es",
    "updated": 0
  }
]