[
  {
    "id": "eb1f5f79-b630-4c4b-bc8b-fbda138812c1",
    "data": [
      {
        "text": "como se ",
        "userDefined": false
      },
      {
        "text": "usa",
        "userDefined": false
      }
    ],
    "isTemplate": false,
    "count": 0,
    "lang": "es",
    "updated": 0
  },
  {
    "id": "e752c086-df86-419d-a79d-8102f9863af4",
    "data": [
      {
        "text": "Cómo se ",
        "userDefined": false
      },
      {
        "text": "usa",
        "userDefined": false
      },
      {
        "text": " el verbo",
        "userDefined": false
      }
    ],
    "isTemplate": false,
    "count": 0,
    "lang": "es",
    "updated": 0
  },
  {
    "id": "8d160a27-0f6b-4b8d-befb-98e018285721",
    "data": [
      {
        "text": "donde se ",
        "userDefined": false
      },
      {
        "text": "usa",
        "userDefined": false
      },
      {
        "text": " el verbo",
        "userDefined": false
      }
    ],
    "isTemplate": false,
    "count": 1,
    "lang": "es",
    "updated": 0
  },
  {
    "id": "9ec6584d-97c8-46ad-a2a7-319074d3b0df",
    "data": [
      {
        "text": "y ",
        "userDefined": false
      },
      {
        "text": "donde el verbo",
        "meta": "@Ent-tema",
        "alias": "Ent-tema",
        "userDefined": true
      },
      {
        "text": " se usa",
        "userDefined": false
      }
    ],
    "isTemplate": false,
    "count": 1,
    "lang": "es",
    "updated": 0
  },
  {
    "id": "2ac3801d-4133-46b5-9320-976f7cc87264",
    "data": [
      {
        "text": "donde debo usar el verbo",
        "userDefined": false
      }
    ],
    "isTemplate": false,
    "count": 4,
    "lang": "es",
    "updated": 0
  },
  {
    "data": [
      {
        "text": "como usar el verbo",
        "userDefined": false
      }
    ],
    "isTemplate": false,
    "count": 3,
    "lang": "es",
    "updated": 0
  }
]