[
  {
    "id": "ce20cdf6-c102-497c-b66c-df6645201a27",
    "data": [
      {
        "text": "contar ",
        "userDefined": false
      },
      {
        "text": "anécdota",
        "meta": "@Ent-tema",
        "alias": "Ent-tema",
        "userDefined": false
      }
    ],
    "isTemplate": false,
    "count": 0,
    "lang": "es",
    "updated": 0
  },
  {
    "id": "f488e485-9e47-4a8f-a1df-89f56ff3a1e1",
    "data": [
      {
        "text": "Cuéntame una ",
        "userDefined": false
      },
      {
        "text": "anécdota",
        "meta": "@Ent-tema",
        "alias": "Ent-tema",
        "userDefined": true
      }
    ],
    "isTemplate": false,
    "count": 0,
    "lang": "es",
    "updated": 0
  },
  {
    "id": "c8dab7b9-1065-47bc-aefd-c7bc2c67f94f",
    "data": [
      {
        "text": "Cuéntame ",
        "userDefined": false
      },
      {
        "text": "una",
        "userDefined": false
      },
      {
        "text": " ",
        "userDefined": false
      },
      {
        "text": "anécdota",
        "meta": "@Ent-tema",
        "alias": "Ent-tema",
        "userDefined": false
      }
    ],
    "isTemplate": false,
    "count": 0,
    "lang": "es",
    "updated": 0
  },
  {
    "id": "9c207542-64ac-42ad-8919-f8b0d1f391ef",
    "data": [
      {
        "text": "pues que tal si me cuentas ",
        "userDefined": false
      },
      {
        "text": "una",
        "userDefined": false
      }
    ],
    "isTemplate": false,
    "count": 11,
    "lang": "es",
    "updated": 0
  }
]