[
  {
    "id": "397c010b-af11-431e-b468-fa803e6b756e",
    "data": [
      {
        "text": "reglas de acentuación",
        "meta": "@Ent-tema",
        "alias": "Ent-tema",
        "userDefined": true
      }
    ],
    "isTemplate": false,
    "count": 0,
    "lang": "es",
    "updated": 0
  },
  {
    "id": "2ba61a33-24c3-4864-b2be-6917a6780f28",
    "data": [
      {
        "text": "Cuáles son ",
        "userDefined": false
      },
      {
        "text": "las reglas de acentuación",
        "meta": "@Ent-tema",
        "alias": "Ent-tema",
        "userDefined": true
      }
    ],
    "isTemplate": false,
    "count": 0,
    "lang": "es",
    "updated": 0
  },
  {
    "data": [
      {
        "text": "como se tildan las ",
        "userDefined": false
      },
      {
        "text": "palabras",
        "userDefined": false
      }
    ],
    "isTemplate": false,
    "count": 0,
    "lang": "es",
    "updated": 0
  },
  {
    "data": [
      {
        "text": "como se tildan las palabras",
        "userDefined": false
      }
    ],
    "isTemplate": false,
    "count": 2,
    "lang": "es",
    "updated": 0
  }
]