[
  {
    "id": "d5d3cf1c-a763-45a8-bd6a-982d34b2dc87",
    "data": [
      {
        "text": "cuáles son los ",
        "userDefined": false
      },
      {
        "text": "modos verbales",
        "meta": "@Ent-tema",
        "alias": "ent-tema",
        "userDefined": true
      }
    ],
    "isTemplate": false,
    "count": 0,
    "lang": "es",
    "updated": 0
  },
  {
    "id": "0163c17a-fdf3-4f34-ab6e-8eaf5b101806",
    "data": [
      {
        "text": "modos verbales",
        "meta": "@Ent-tema",
        "alias": "ent-tema",
        "userDefined": true
      }
    ],
    "isTemplate": false,
    "count": 0,
    "lang": "es",
    "updated": 0
  },
  {
    "id": "385a3caf-be11-40c9-bd4e-ccfcae5880ab",
    "data": [
      {
        "text": "y los ",
        "userDefined": false
      },
      {
        "text": "modos del verbo",
        "meta": "@Ent-tema",
        "alias": "ent-tema",
        "userDefined": false
      }
    ],
    "isTemplate": false,
    "count": 0,
    "lang": "es",
    "updated": 0
  },
  {
    "id": "6b7c9fa7-40aa-45d4-89cb-a0f019395911",
    "data": [
      {
        "text": "los ",
        "userDefined": false
      },
      {
        "text": "modos del verbo",
        "meta": "@Ent-tema",
        "alias": "ent-tema",
        "userDefined": false
      }
    ],
    "isTemplate": false,
    "count": 3,
    "lang": "es",
    "updated": 0
  },
  {
    "id": "b966db1f-3d34-491d-81fd-dff27158dd74",
    "data": [
      {
        "text": "El modo imperativo",
        "meta": "@Ent-tema",
        "alias": "ent-tema",
        "userDefined": false
      },
      {
        "text": " del verbo",
        "userDefined": false
      }
    ],
    "isTemplate": false,
    "count": 0,
    "lang": "es",
    "updated": 0
  }
]