[
  {
    "id": "8de09f39-878c-43b8-be03-e9afbff0bddf",
    "data": [
      {
        "text": "modo indicativo",
        "userDefined": false
      }
    ],
    "isTemplate": false,
    "count": 0,
    "lang": "es",
    "updated": 0
  },
  {
    "id": "1115368e-b0c8-4099-95c9-2bb719b63613",
    "data": [
      {
        "text": "que ",
        "userDefined": false
      },
      {
        "text": "es",
        "userDefined": false
      },
      {
        "text": " el modo indicativo",
        "userDefined": false
      }
    ],
    "isTemplate": false,
    "count": 0,
    "lang": "es",
    "updated": 0
  }
]