[
  {
    "id": "e1ad0c8b-cb5e-4327-af12-c05f376ca749",
    "data": [
      {
        "text": "Cómo se tildan las ",
        "userDefined": false
      },
      {
        "text": "palabras agudas",
        "meta": "@Ent-tema",
        "alias": "Ent-tema",
        "userDefined": true
      }
    ],
    "isTemplate": false,
    "count": 0,
    "lang": "es",
    "updated": 0
  },
  {
    "id": "b3302c65-bf2e-4cc0-82dd-143c520be85b",
    "data": [
      {
        "text": "Cómo ",
        "userDefined": false
      },
      {
        "text": "tildar",
        "userDefined": false
      },
      {
        "text": " las ",
        "userDefined": false
      },
      {
        "text": "palabras agudas",
        "meta": "@Ent-tema",
        "alias": "Ent-tema",
        "userDefined": false
      }
    ],
    "isTemplate": false,
    "count": 0,
    "lang": "es",
    "updated": 0
  },
  {
    "id": "436de810-3861-4a0b-a339-7bfbd701848d",
    "data": [
      {
        "text": "palabras agudas",
        "meta": "@Ent-tema",
        "alias": "Ent-tema",
        "userDefined": true
      }
    ],
    "isTemplate": false,
    "count": 1,
    "lang": "es",
    "updated": 0
  },
  {
    "id": "26c557da-8df4-46ae-8419-ed5515063711",
    "data": [
      {
        "text": "Qué son las ",
        "userDefined": false
      },
      {
        "text": "palabras agudas",
        "meta": "@Ent-tema",
        "alias": "Ent-tema",
        "userDefined": true
      }
    ],
    "isTemplate": false,
    "count": 0,
    "lang": "es",
    "updated": 0
  },
  {
    "data": [
      {
        "text": "cuales son las ",
        "userDefined": false
      },
      {
        "text": "palabras agudas",
        "meta": "@Ent-tema",
        "alias": "ent-tema",
        "userDefined": false
      }
    ],
    "isTemplate": false,
    "count": 3,
    "lang": "es",
    "updated": 0
  },
  {
    "data": [
      {
        "text": "palabras agudas",
        "meta": "@Ent-tema",
        "alias": "ent-tema",
        "userDefined": false
      }
    ],
    "isTemplate": false,
    "count": 2,
    "lang": "es",
    "updated": 0
  },
  {
    "data": [
      {
        "text": "como se tildan las ",
        "userDefined": false
      },
      {
        "text": "palabras agudas",
        "meta": "@Ent-tema",
        "alias": "ent-tema",
        "userDefined": false
      }
    ],
    "isTemplate": false,
    "count": 2,
    "lang": "es",
    "updated": 0
  },
  {
    "data": [
      {
        "text": "sabes cuáles son las ",
        "userDefined": false
      },
      {
        "text": "palabras agudas",
        "meta": "@Ent-tema",
        "alias": "ent-tema",
        "userDefined": false
      }
    ],
    "isTemplate": false,
    "count": 0,
    "lang": "es",
    "updated": 0
  },
  {
    "data": [
      {
        "text": "sabes cuáles son las palabras agudas",
        "userDefined": false
      }
    ],
    "isTemplate": false,
    "count": 4,
    "lang": "es",
    "updated": 0
  },
  {
    "data": [
      {
        "text": "que me puedes decir de las palabras ",
        "userDefined": false
      },
      {
        "text": "agudas",
        "meta": "@Ent-tema",
        "alias": "ent-tema",
        "userDefined": false
      }
    ],
    "isTemplate": false,
    "count": 7,
    "lang": "es",
    "updated": 0
  },
  {
    "data": [
      {
        "text": "cuándo se ",
        "userDefined": false
      },
      {
        "text": "tilda",
        "meta": "@sys.person",
        "alias": "person",
        "userDefined": false
      },
      {
        "text": " ",
        "userDefined": false
      },
      {
        "text": "palabras agudas",
        "meta": "@Ent-tema",
        "alias": "ent-tema",
        "userDefined": false
      }
    ],
    "isTemplate": false,
    "count": 1,
    "lang": "es",
    "updated": 0
  },
  {
    "data": [
      {
        "text": "genial, y las ",
        "userDefined": false
      },
      {
        "text": "agudas",
        "meta": "@Ent-tema",
        "alias": "ent-tema",
        "userDefined": false
      },
      {
        "text": " como se tildarian",
        "userDefined": false
      }
    ],
    "isTemplate": false,
    "count": 9,
    "lang": "es",
    "updated": 0
  },
  {
    "data": [
      {
        "text": "si de las ",
        "userDefined": false
      },
      {
        "text": "palabras agudas",
        "meta": "@Ent-tema",
        "alias": "ent-tema",
        "userDefined": false
      },
      {
        "text": ", como se tildan",
        "userDefined": false
      }
    ],
    "isTemplate": false,
    "count": 8,
    "lang": "es",
    "updated": 0
  }
]