[
  {
    "id": "fc61dc0d-09b1-46b4-9200-c04b5b6fde82",
    "data": [
      {
        "text": "Qué ",
        "userDefined": false
      },
      {
        "text": "es",
        "userDefined": false
      },
      {
        "text": " el modo subjuntivo",
        "userDefined": false
      }
    ],
    "isTemplate": false,
    "count": 0,
    "lang": "es",
    "updated": 0
  },
  {
    "id": "1fe7b364-c03b-412a-9f02-ee8061b7f395",
    "data": [
      {
        "text": "modo subjuntivo",
        "userDefined": false
      }
    ],
    "isTemplate": false,
    "count": 0,
    "lang": "es",
    "updated": 0
  }
]