[
  {
    "id": "b9b1e355-0e13-4d2c-b240-3fc6c3fcfa11",
    "data": [
      {
        "text": "Cuáles son las ",
        "userDefined": false
      },
      {
        "text": "palabras graves",
        "meta": "@Ent-tema",
        "alias": "ent-tema",
        "userDefined": false
      }
    ],
    "isTemplate": false,
    "count": 0,
    "lang": "es",
    "updated": 0
  },
  {
    "id": "fafea2f0-ba17-4610-bbf5-654ccb1c9248",
    "data": [
      {
        "text": "Las ",
        "userDefined": false
      },
      {
        "text": "palabras graves",
        "meta": "@Ent-tema",
        "alias": "ent-tema",
        "userDefined": false
      }
    ],
    "isTemplate": false,
    "count": 0,
    "lang": "es",
    "updated": 0
  },
  {
    "id": "3f7e2707-7345-4c9d-9437-7baf3fcecdfd",
    "data": [
      {
        "text": "Como se ",
        "userDefined": false
      },
      {
        "text": "tildan",
        "userDefined": false
      },
      {
        "text": " las ",
        "userDefined": false
      },
      {
        "text": "palabras graves",
        "meta": "@Ent-tema",
        "alias": "ent-tema",
        "userDefined": false
      }
    ],
    "isTemplate": false,
    "count": 0,
    "lang": "es",
    "updated": 0
  },
  {
    "data": [
      {
        "text": "cuales son las ",
        "userDefined": false
      },
      {
        "text": "palabras graves",
        "meta": "@Ent-tema",
        "alias": "ent-tema",
        "userDefined": false
      }
    ],
    "isTemplate": false,
    "count": 4,
    "lang": "es",
    "updated": 0
  },
  {
    "data": [
      {
        "text": "y de las ",
        "userDefined": false
      },
      {
        "text": "palabras graves",
        "meta": "@Ent-tema",
        "alias": "ent-tema",
        "userDefined": false
      }
    ],
    "isTemplate": false,
    "count": 7,
    "lang": "es",
    "updated": 0
  },
  {
    "data": [
      {
        "text": "como se tildan la ",
        "userDefined": false
      },
      {
        "text": "palabras graves",
        "meta": "@Ent-tema",
        "alias": "ent-tema",
        "userDefined": false
      }
    ],
    "isTemplate": false,
    "count": 9,
    "lang": "es",
    "updated": 0
  }
]