[
  {
    "id": "524d0f92-c21a-451c-ad73-18a4c8536411",
    "data": [
      {
        "text": "Agradecer",
        "userDefined": false
      }
    ],
    "isTemplate": false,
    "count": 0,
    "lang": "es",
    "updated": 0
  },
  {
    "id": "c83d47a0-a7a2-4239-9a1b-58c9642540e0",
    "data": [
      {
        "text": "muchas gracias",
        "userDefined": false
      }
    ],
    "isTemplate": false,
    "count": 0,
    "lang": "es",
    "updated": 0
  },
  {
    "id": "862b9ce7-a795-4247-b1df-b24b32671f02",
    "data": [
      {
        "text": "ok",
        "userDefined": false
      },
      {
        "text": ", gracias",
        "userDefined": false
      }
    ],
    "isTemplate": false,
    "count": 0,
    "lang": "es",
    "updated": 0
  },
  {
    "id": "c97d2792-f831-46e5-b52c-8e07ea54c3ba",
    "data": [
      {
        "text": "gracias",
        "userDefined": false
      }
    ],
    "isTemplate": false,
    "count": 0,
    "lang": "es",
    "updated": 0
  }
]