[
  {
    "id": "735f7cc4-d30c-426d-80f3-ebf538b69449",
    "data": [
      {
        "text": "No",
        "meta": "@Ent-Response",
        "alias": "ent-response",
        "userDefined": false
      },
      {
        "text": " por el momento",
        "userDefined": false
      }
    ],
    "isTemplate": false,
    "count": 0,
    "lang": "es",
    "updated": 0
  },
  {
    "id": "30601c6c-7cc6-4078-93c5-432d47565cc4",
    "data": [
      {
        "text": "No",
        "meta": "@Ent-Response",
        "alias": "ent-response",
        "userDefined": false
      },
      {
        "text": ", gracias",
        "userDefined": false
      }
    ],
    "isTemplate": false,
    "count": 0,
    "lang": "es",
    "updated": 0
  },
  {
    "id": "3ec3c21b-e8a8-46c4-8a22-51200f1b8797",
    "data": [
      {
        "text": "No",
        "meta": "@Ent-Response",
        "alias": "ent-response",
        "userDefined": false
      }
    ],
    "isTemplate": false,
    "count": 0,
    "lang": "es",
    "updated": 0
  }
]