[
  {
    "id": "181f625e-eccc-47e2-8456-9055a298f306",
    "data": [
      {
        "text": "Si",
        "userDefined": false
      },
      {
        "text": ", tengo ",
        "userDefined": false
      },
      {
        "text": "una",
        "userDefined": false
      },
      {
        "text": " pregunta",
        "userDefined": false
      }
    ],
    "isTemplate": false,
    "count": 0,
    "lang": "es",
    "updated": 0
  },
  {
    "id": "9dfdc748-55a0-4399-94ac-0d16db352f97",
    "data": [
      {
        "text": "Si",
        "userDefined": false
      }
    ],
    "isTemplate": false,
    "count": 2,
    "lang": "es",
    "updated": 0
  }
]