[
  {
    "id": "7adf0ed5-3483-4001-915f-044294a56962",
    "data": [
      {
        "text": "¿Qué beneficio tiene?",
        "userDefined": false
      }
    ],
    "isTemplate": false,
    "count": 0,
    "lang": "es",
    "updated": 0
  },
  {
    "id": "9530912b-e762-421f-b658-8356347232ef",
    "data": [
      {
        "text": "¿Qué beneficio tiene usar la tilde?",
        "userDefined": false
      }
    ],
    "isTemplate": false,
    "count": 0,
    "lang": "es",
    "updated": 0
  },
  {
    "id": "660cc73c-b130-4036-97e5-e028a231c20f",
    "data": [
      {
        "text": "¿Para qué sirve?",
        "userDefined": false
      }
    ],
    "isTemplate": false,
    "count": 0,
    "lang": "es",
    "updated": 0
  }
]