[
  {
    "value": "tilde",
    "synonyms": [
      "tilde",
      "Tilde",
      "Tildes"
    ]
  },
  {
    "value": "verbo",
    "synonyms": [
      "verbo",
      "Verbo"
    ]
  },
  {
    "value": "anecdota",
    "synonyms": [
      "anecdota",
      "anécdota",
      "anecdotas",
      "anécdotas"
    ]
  },
  {
    "value": "campo semántico",
    "synonyms": [
      "campo semántico"
    ]
  },
  {
    "value": "modo verbal",
    "synonyms": [
      "modo verbal",
      "modos verbales",
      "modos de un verbo",
      "modos del verbo"
    ]
  },
  {
    "value": "modo indicativo",
    "synonyms": [
      "modo indicativo",
      "el modo indicativo",
      "verbo en indicativo",
      "modo indicativo del verbo"
    ]
  },
  {
    "value": "modo subjuntivo",
    "synonyms": [
      "modo subjuntivo",
      "el modo subjuntivo",
      "verbo en subjuntivo",
      "modo subjuntivo del verbo"
    ]
  },
  {
    "value": "modo imperativo",
    "synonyms": [
      "modo imperativo",
      "el modo imperativo",
      "verbo en imperativo",
      "modo imperativo del verbo"
    ]
  },
  {
    "value": "tiempo verbal",
    "synonyms": [
      "tiempo verbal",
      "Tiempos del verbo"
    ]
  },
  {
    "value": "conjugación del verbo",
    "synonyms": [
      "conjugación del verbo"
    ]
  },
  {
    "value": "clases de verbo",
    "synonyms": [
      "clases de verbo",
      "tipos de verbo",
      "clasificación de los verbos",
      "clasificación verbo",
      "clases de verbos",
      "tipos de verbos"
    ]
  },
  {
    "value": "reglas  de acentuación",
    "synonyms": [
      "reglas  de acentuación",
      "regla de acentuación",
      "reglas de la tilde"
    ]
  },
  {
    "value": "palabras homófonas",
    "synonyms": [
      "palabras homófonas",
      "palabra homófona"
    ]
  },
  {
    "value": "palabras graves",
    "synonyms": [
      "palabras graves",
      "palabra grave",
      "palabra llana",
      "grave"
    ]
  },
  {
    "value": "palabras agudas",
    "synonyms": [
      "palabras agudas",
      "palabra aguda",
      "aguda"
    ]
  },
  {
    "value": "palabras esdrújulas",
    "synonyms": [
      "palabras esdrújulas",
      "palabra esdrújula",
      "esdrújula"
    ]
  },
  {
    "value": "palabras sobreesdrujulas",
    "synonyms": [
      "palabras sobreesdrujulas",
      "palabra sobre esdrújula",
      "sobreesdrújula"
    ]
  },
  {
    "value": "sílaba tónica",
    "synonyms": [
      "sílaba tónica",
      "silaba tonica"
    ]
  },
  {
    "value": "silaba átona",
    "synonyms": [
      "silaba átona",
      "silaba atona"
    ]
  },
  {
    "value": "tilde en mayúsculas",
    "synonyms": [
      "tilde en mayúsculas",
      "mayúsculas se tildan",
      "mayusculas deben tildarse"
    ]
  },
  {
    "value": "verbo regular",
    "synonyms": [
      "verbo regular",
      "verbos regulares"
    ]
  },
  {
    "value": "verbo irregular",
    "synonyms": [
      "verbo irregular",
      "verbos irregulares"
    ]
  },
  {
    "value": "donde el verbo",
    "synonyms": [
      "donde el verbo",
      "donde verbo"
    ]
  },
  {
    "value": "verbo infinitivo",
    "synonyms": [
      "verbo infinitivo",
      "verbo en infinitivo",
      "verbos en infinitivo",
      "infinitivo"
    ]
  }
]